{
    "__JSON__": true,
    "AUTHOR": "Richy",
    "theme": "Richy-Md",
    "LANGUAGE": "English",
    "LANGCODE": "en",  
    "STRINGS": { 
        "updater": { 
            "UPDATE": "Bot is on latest version.",
            "UPDATED_LOCAL": "Updated Bot successfully"
        },  
        "global": {      
            "botName": "Richy Md",
            "body": "a easy wa bot", 
            "greet2" : "Hello SIR",
            "pic1": "https://telegra.ph/file/782e3cbe7c157e425e98a.jpg", 
            "pic2": "https://telegra.ph/file/48d9d8a175d42cd537c5b.jpg", 
            "pic3": "https://telegra.ph/file/cf2dbeb947cf2a0c90d22.jpg", 
            "pic4": "https://telegra.ph/file/97b32c027769f706c05e2.jpg", 
            "pic5": "https://telegra.ph/file/97b32c027769f706c05e2.jpg", 
            "pic6": "https://i.imgur.com/MJCmdiA.jpg", 
            "pic7": "https://i.imgur.com/K7zFZl2.jpg",
            "greet" : "Hey there",
            "dotbody" : "Oh Richy My Creator.",
            "emojii" : "🕊", 
            "promote": "Richy, is an Admin",
            "pmallow": "Hello &user Do not Spam",
            "permited": "Hello Sir you Can Message Me Now.", 
            "revoked" : "Hello sir your Permission was rejected.",
            "demote": "Admin Role Taken back",
            "antlink": "Link Detected.\n*I Have rremoved the violator*",
            "session": "\n kepp your session id safe sir",
            "mention": "Tag my owner",
            "title": "Richy Md",
            "footer": "Richy Md 2024",
            "by": "Made by: Richy",
            "chat_desc": "Options Avilable* : 1. mute\n2. unmute\n3. archive\n4. unarchive\n5. read\n6. unread\n7. delete",
            "success": "success ✓",
            "dot": "Hi, Did you mean *-help?*\n just.. don't bother me while I'm eating ramen",
            "couple_male": "*I'm pretty sure I can't live without being helped!*",
            "couple_female": "*I'm pretty sure I can't live without being helped!*",
            "admin": "Only Group Admin can use this Command.",
            "botAdmin": "Make me an Admin to take action.",
            "owner": "It's for my owner only.",
            "group": "It's for group only.",
            "private": "It for my Owner only.",
            "bot": "It is for my Owner Only.",
            "wait": "Processing..."
        },
        "error": {
            "text": "Dont touch me."
        }
    } 
  }
